{"stats":{"minecraft:picked_up":{"minecraft:birch_log":36,"minecraft:feather":10,"minecraft:chicken":2,"minecraft:golden_carrot":2,"minecraft:clay_ball":80,"minecraft:andesite":37,"minecraft:leather":3,"minecraft:brown_mushroom":2,"minecraft:wooden_pickaxe":5,"minecraft:red_mushroom":1,"minecraft:birch_planks":5,"minecraft:flint":4,"minecraft:oak_log":71,"minecraft:amethyst_block":37,"minecraft:map":1,"minecraft:dirt":256,"minecraft:string":8,"minecraft:raw_copper":192,"minecraft:apple":11,"minecraft:gray_terracotta":8,"minecraft:wheat_seeds":6,"minecraft:raw_gold":4,"minecraft:rabbit_hide":5,"minecraft:stone_pickaxe":15,"minecraft:calcite":33,"minecraft:azalea":9,"minecraft:wooden_shovel":6,"minecraft:rabbit":2,"minecraft:stone_hoe":1,"minecraft:melon_slice":35,"minecraft:chest":23,"minecraft:birch_sapling":1,"minecraft:oak_planks":35,"minecraft:flowering_azalea":1,"minecraft:smooth_basalt":6,"minecraft:egg":1,"minecraft:book":2,"minecraft:dark_oak_sapling":4,"minecraft:raw_iron":33,"minecraft:oak_slab":30,"minecraft:stick":4,"minecraft:glow_lichen":1,"minecraft:music_disc_blocks":1,"minecraft:oak_door":2,"minecraft:pumpkin":6,"minecraft:raw_iron_block":1,"minecraft:gravel":21,"minecraft:spruce_sapling":3,"minecraft:ink_sac":3,"minecraft:diorite":29,"minecraft:spruce_log":4,"minecraft:rabbit_foot":2,"minecraft:leather_helmet":2,"minecraft:pumpkin_seeds":1,"minecraft:stone_shovel":5,"minecraft:rotten_flesh":1,"minecraft:stone_axe":6,"realistictorches:unlit_torch":1,"minecraft:granite":32,"minecraft:bone_meal":3,"minecraft:gold_ingot":2,"minecraft:white_terracotta":6,"minecraft:terracotta":5,"minecraft:oak_sapling":3,"minecraft:snowball":4,"minecraft:coal":40,"minecraft:rail":2,"minecraft:cobblestone":134,"minecraft:wooden_axe":1},"minecraft:crafted":{"minecraft:oak_planks":20,"minecraft:stick":8,"minecraft:iron_pickaxe":1,"minecraft:wooden_axe":2},"minecraft:broken":{"minecraft:stone_pickaxe":2,"minecraft:wooden_shovel":2,"minecraft:wooden_axe":1},"minecraft:killed_by":{"minecraft:zombie":3,"minecraft:pig":1,"bwrtherain:vapor":2,"rolling_giant:angry_rolling_giant":1},"minecraft:used":{"minecraft:stone_shovel":6,"minecraft:stone_pickaxe":469,"minecraft:wooden_pickaxe":44,"minecraft:wooden_shovel":107,"minecraft:dirt":7,"minecraft:wooden_axe":129,"minecraft:apple":3,"minecraft:iron_pickaxe":8,"minecraft:stone_axe":71},"minecraft:killed":{"minecraft:fox":1,"minecraft:chicken":2},"minecraft:custom":{"minecraft:mob_kills":5,"minecraft:interact_with_crafting_table":7,"minecraft:damage_dealt_resisted":24,"minecraft:leave_game":10,"minecraft:time_since_death":23466,"minecraft:damage_resisted":40,"minecraft:time_since_rest":23524,"minecraft:damage_absorbed":840,"minecraft:sprint_one_cm":1607,"minecraft:damage_taken":20003485,"minecraft:walk_one_cm":229126,"minecraft:drop":36,"minecraft:damage_dealt":433,"minecraft:fly_one_cm":7179,"minecraft:open_chest":79,"minecraft:crouch_one_cm":1056,"minecraft:play_time":109475,"minecraft:deaths":17,"minecraft:sneak_time":105,"minecraft:jump":43,"minecraft:total_world_time":109475,"minecraft:fall_one_cm":269},"minecraft:mined":{"minecraft:podzol":27,"minecraft:gray_terracotta":8,"minecraft:snow_block":1,"minecraft:powder_snow":4,"minecraft:clay":20,"minecraft:granite":25,"minecraft:grass_block":141,"minecraft:calcite":29,"minecraft:melon":9,"minecraft:chest":21,"minecraft:copper_ore":39,"minecraft:diorite":28,"minecraft:amethyst_block":30,"minecraft:white_terracotta":6,"minecraft:birch_planks":6,"minecraft:raw_iron_block":1,"minecraft:birch_log":38,"minecraft:iron_ore":32,"minecraft:fire":7,"minecraft:blue_ice":1,"minecraft:spruce_log":4,"minecraft:andesite":35,"minecraft:pumpkin":7,"minecraft:coal_ore":14,"minecraft:oak_log":65,"minecraft:gravel":33,"minecraft:dirt":58,"minecraft:packed_ice":5,"minecraft:smooth_basalt":6,"minecraft:terracotta":5,"minecraft:stone":142,"minecraft:gold_ore":4},"minecraft:dropped":{"minecraft:chicken":2,"minecraft:cobblestone":9,"minecraft:dirt":13,"minecraft:azalea":2,"minecraft:stone_pickaxe":7,"minecraft:wooden_pickaxe":2,"minecraft:egg":1}},"DataVersion":3120}