{"stats":{"minecraft:picked_up":{"minecraft:wooden_axe":2,"minecraft:crafting_table":2,"minecraft:chicken":4,"minecraft:clay_ball":48,"minecraft:wooden_pickaxe":21,"minecraft:birch_button":3,"minecraft:amethyst_block":26,"minecraft:string":4,"minecraft:raw_copper":95,"minecraft:oak_sign":1,"minecraft:beef":7,"minecraft:oak_boat":3,"minecraft:calcite":12,"minecraft:wooden_shovel":18,"minecraft:melon_slice":13,"minecraft:chest":10,"minecraft:egg":6,"minecraft:furnace":1,"minecraft:stick":16,"minecraft:raw_iron":12,"minecraft:oak_door":9,"minecraft:oak_fence":43,"minecraft:diorite":24,"minecraft:stone_sword":2,"minecraft:stone_shovel":4,"minecraft:rotten_flesh":7,"minecraft:cobblestone":88,"minecraft:birch_log":42,"minecraft:water_bucket":1,"minecraft:birch_slab":14,"minecraft:andesite":10,"minecraft:leather":4,"minecraft:birch_planks":18,"minecraft:flint":2,"minecraft:oak_log":33,"minecraft:dirt":157,"man:cassette_1safetyinstructions":7,"minecraft:birch_pressure_plate":2,"minecraft:apple":1,"minecraft:wheat_seeds":10,"minecraft:raw_gold":4,"minecraft:stone_pickaxe":14,"minecraft:iron_ingot":3,"minecraft:rabbit":2,"minecraft:oak_planks":70,"minecraft:oak_slab":31,"minecraft:smooth_basalt":4,"minecraft:pumpkin":4,"minecraft:gravel":24,"minecraft:spider_eye":3,"minecraft:leather_helmet":1,"minecraft:stone_axe":7,"minecraft:granite":10,"minecraft:oak_sapling":1,"minecraft:coal":15},"minecraft:crafted":{"minecraft:oak_door":6,"minecraft:oak_planks":256,"minecraft:stone_shovel":1,"minecraft:oak_sign":3,"minecraft:birch_slab":246,"minecraft:furnace":1,"minecraft:stone_pickaxe":9,"realistictorches:unlit_torch":2,"minecraft:oak_button":1,"minecraft:birch_button":1,"minecraft:stone_hoe":1,"minecraft:oak_fence":18,"minecraft:oak_slab":84,"minecraft:wooden_shovel":1,"minecraft:crafting_table":1,"minecraft:wooden_pickaxe":2,"minecraft:bowl":8,"minecraft:birch_pressure_plate":2,"minecraft:birch_planks":252,"minecraft:stone_axe":7,"minecraft:air":0,"minecraft:oak_boat":1,"minecraft:stick":88,"minecraft:iron_ingot":5,"minecraft:wooden_axe":2,"minecraft:stone_sword":2},"minecraft:killed_by":{"minecraft:sheep":1,"the_rake:the_rake":1,"minecraft:mooshroom":1,"rolling_giant:angry_rolling_giant":1,"vivilly_dweller:vivilly_dweller":1,"rolling_giant:rolling_giant_moving":1,"minecraft:zombie":3,"torture:torture":1},"minecraft:used":{"minecraft:oak_fence":28,"minecraft:stone_sword":5,"minecraft:oak_sign":2,"minecraft:chest":9,"minecraft:wooden_shovel":48,"minecraft:stone_hoe":21,"minecraft:oak_door":11,"minecraft:dirt":190,"minecraft:wooden_axe":19,"minecraft:grass_block":1,"minecraft:birch_sapling":1,"minecraft:smooth_basalt":1,"minecraft:oak_sapling":2,"minecraft:furnace":2,"minecraft:egg":1,"minecraft:wheat_seeds":8,"minecraft:water_bucket":2,"minecraft:amethyst_block":4,"minecraft:birch_planks":21,"minecraft:stone_pickaxe":111,"minecraft:oak_planks":128,"minecraft:wooden_pickaxe":25,"minecraft:oak_slab":83,"minecraft:crafting_table":3,"minecraft:oak_log":1,"minecraft:birch_slab":217,"minecraft:iron_pickaxe":5,"minecraft:spruce_sapling":2,"minecraft:gravel":1,"minecraft:stone_axe":151,"minecraft:birch_log":2,"minecraft:andesite":2,"minecraft:bucket":1,"minecraft:oak_boat":2,"realistictorches:unlit_torch":2},"minecraft:killed":{"minecraft:spider":2,"minecraft:fox":1,"minecraft:chicken":1,"minecraft:rabbit":3,"minecraft:goat":1,"minecraft:zombie":5,"minecraft:mooshroom":1,"minecraft:cow":1},"minecraft:custom":{"minecraft:mob_kills":17,"minecraft:interact_with_crafting_table":74,"minecraft:damage_dealt_resisted":11,"minecraft:leave_game":8,"minecraft:time_since_death":16234,"minecraft:sprint_one_cm":105435,"minecraft:walk_one_cm":448047,"minecraft:drop":119,"minecraft:play_time":112295,"minecraft:deaths":11,"minecraft:sneak_time":17593,"minecraft:walk_under_water_one_cm":6202,"minecraft:boat_one_cm":679,"minecraft:jump":316,"minecraft:walk_on_water_one_cm":327,"minecraft:total_world_time":112401,"minecraft:interact_with_furnace":5,"minecraft:time_since_rest":16262,"minecraft:damage_taken":2720,"minecraft:damage_absorbed":360,"minecraft:damage_dealt":2301,"minecraft:swim_one_cm":235,"minecraft:fly_one_cm":47117,"minecraft:open_chest":221,"minecraft:crouch_one_cm":79499,"minecraft:fall_one_cm":1835},"minecraft:mined":{"minecraft:oak_door":6,"minecraft:granite":9,"minecraft:grass_block":36,"minecraft:birch_slab":18,"minecraft:oak_wall_sign":1,"minecraft:furnace":1,"minecraft:iron_ore":6,"minecraft:fire":26,"minecraft:andesite":8,"minecraft:pumpkin":1,"minecraft:stone":27,"minecraft:podzol":4,"minecraft:oak_slab":34,"minecraft:oak_fence":13,"minecraft:clay":7,"minecraft:crafting_table":2,"minecraft:calcite":4,"minecraft:melon":2,"minecraft:chest":6,"minecraft:copper_ore":17,"minecraft:oak_planks":38,"minecraft:diorite":8,"minecraft:amethyst_block":15,"minecraft:birch_planks":9,"minecraft:birch_log":6,"minecraft:oak_log":17,"minecraft:coal_ore":10,"minecraft:dirt":13,"minecraft:gravel":9,"minecraft:cobweb":1,"minecraft:smooth_basalt":3,"minecraft:gold_ore":4},"minecraft:dropped":{"minecraft:oak_slab":5,"minecraft:oak_log":6,"man:cassette_1safetyinstructions":8,"minecraft:granite":4,"minecraft:leather_helmet":1,"minecraft:stick":4,"minecraft:dirt":38,"minecraft:wooden_axe":3,"minecraft:pumpkin":1,"minecraft:stone_axe":5,"minecraft:raw_copper":5,"minecraft:bowl":1,"minecraft:stone_shovel":6,"minecraft:oak_planks":7,"minecraft:chest":1,"minecraft:wooden_shovel":9,"minecraft:stone_pickaxe":12,"minecraft:wooden_pickaxe":10}},"DataVersion":3120}