{"stats":{"minecraft:picked_up":{"minecraft:wooden_axe":1,"minecraft:birch_log":27,"minecraft:feather":10,"minecraft:chicken":2,"minecraft:golden_carrot":1,"minecraft:clay_ball":64,"minecraft:andesite":13,"minecraft:leather":1,"minecraft:brown_mushroom":2,"minecraft:wooden_pickaxe":5,"minecraft:flint":4,"minecraft:oak_log":59,"minecraft:amethyst_block":12,"minecraft:string":3,"minecraft:dirt":195,"minecraft:raw_copper":114,"minecraft:apple":11,"minecraft:wheat_seeds":6,"minecraft:stone_pickaxe":6,"minecraft:calcite":6,"minecraft:azalea":7,"minecraft:wooden_shovel":6,"minecraft:melon_slice":35,"minecraft:chest":17,"minecraft:birch_sapling":1,"minecraft:oak_planks":7,"minecraft:flowering_azalea":1,"minecraft:egg":1,"minecraft:smooth_basalt":1,"minecraft:dark_oak_sapling":2,"minecraft:oak_slab":5,"minecraft:stick":4,"minecraft:raw_iron":9,"minecraft:pumpkin":5,"minecraft:oak_door":2,"minecraft:gravel":21,"minecraft:diorite":19,"minecraft:leather_helmet":2,"minecraft:pumpkin_seeds":1,"minecraft:rotten_flesh":1,"minecraft:stone_shovel":3,"minecraft:stone_axe":4,"minecraft:granite":17,"minecraft:bone_meal":3,"minecraft:oak_sapling":3,"minecraft:coal":35,"minecraft:cobblestone":52},"minecraft:killed":{"minecraft:chicken":2},"minecraft:mined":{"minecraft:podzol":26,"minecraft:clay":17,"minecraft:granite":10,"minecraft:grass_block":102,"minecraft:calcite":5,"minecraft:melon":9,"minecraft:chest":16,"minecraft:copper_ore":20,"minecraft:diorite":18,"minecraft:amethyst_block":4,"minecraft:birch_log":31,"minecraft:iron_ore":7,"minecraft:fire":7,"minecraft:andesite":11,"minecraft:pumpkin":6,"minecraft:oak_log":54,"minecraft:coal_ore":14,"minecraft:gravel":33,"minecraft:dirt":34,"minecraft:smooth_basalt":1,"minecraft:stone":59},"minecraft:used":{"minecraft:stone_shovel":3,"minecraft:stone_pickaxe":175,"minecraft:wooden_pickaxe":44,"minecraft:wooden_shovel":107,"minecraft:dirt":7,"minecraft:wooden_axe":129,"minecraft:apple":3,"minecraft:stone_axe":16},"minecraft:dropped":{"minecraft:chicken":2,"minecraft:cobblestone":9,"minecraft:dirt":13,"minecraft:stone_pickaxe":1,"minecraft:wooden_pickaxe":2,"minecraft:egg":1},"minecraft:crafted":{"minecraft:oak_planks":12,"minecraft:stick":4,"minecraft:wooden_axe":2},"minecraft:custom":{"minecraft:mob_kills":4,"minecraft:interact_with_crafting_table":6,"minecraft:damage_dealt_resisted":22,"minecraft:leave_game":3,"minecraft:time_since_death":337,"minecraft:damage_resisted":40,"minecraft:time_since_rest":394,"minecraft:sprint_one_cm":84,"minecraft:damage_taken":10002710,"minecraft:walk_one_cm":91734,"minecraft:drop":28,"minecraft:damage_dealt":324,"minecraft:fly_one_cm":3343,"minecraft:open_chest":43,"minecraft:crouch_one_cm":1056,"minecraft:play_time":55075,"minecraft:deaths":13,"minecraft:sneak_time":105,"minecraft:jump":31,"minecraft:total_world_time":55075},"minecraft:killed_by":{"minecraft:zombie":3,"minecraft:pig":1,"bwrtherain:vapor":1},"minecraft:broken":{"minecraft:wooden_shovel":2,"minecraft:wooden_axe":1}},"DataVersion":3120}