{"stats":{"minecraft:dropped":{"minecraft:stone_axe":3,"minecraft:oak_slab":5,"minecraft:oak_log":6,"minecraft:raw_copper":5,"minecraft:bowl":1,"minecraft:stone_shovel":4,"minecraft:oak_planks":7,"man:cassette_1safetyinstructions":8,"minecraft:granite":4,"minecraft:leather_helmet":1,"minecraft:stick":4,"minecraft:dirt":38,"minecraft:wooden_axe":3,"minecraft:chest":1,"minecraft:wooden_shovel":9,"minecraft:pumpkin":1,"minecraft:wooden_pickaxe":10,"minecraft:stone_pickaxe":9},"minecraft:mined":{"minecraft:podzol":4,"minecraft:oak_slab":4,"minecraft:oak_door":6,"minecraft:clay":7,"minecraft:oak_fence":1,"minecraft:crafting_table":1,"minecraft:granite":9,"minecraft:grass_block":36,"minecraft:calcite":4,"minecraft:melon":2,"minecraft:chest":2,"minecraft:copper_ore":17,"minecraft:oak_planks":1,"minecraft:diorite":8,"minecraft:amethyst_block":15,"minecraft:birch_log":6,"minecraft:iron_ore":6,"minecraft:fire":26,"minecraft:andesite":8,"minecraft:pumpkin":1,"minecraft:coal_ore":10,"minecraft:oak_log":17,"minecraft:gravel":9,"minecraft:dirt":7,"minecraft:smooth_basalt":3,"minecraft:stone":27},"minecraft:used":{"minecraft:oak_fence":13,"minecraft:water_bucket":1,"minecraft:amethyst_block":4,"minecraft:birch_planks":19,"minecraft:stone_pickaxe":109,"minecraft:oak_planks":62,"minecraft:chest":5,"minecraft:wooden_pickaxe":25,"minecraft:wooden_shovel":47,"minecraft:oak_door":9,"minecraft:dirt":130,"minecraft:oak_slab":83,"minecraft:crafting_table":2,"minecraft:wooden_axe":19,"minecraft:birch_slab":5,"minecraft:grass_block":1,"minecraft:gravel":1,"minecraft:smooth_basalt":1,"minecraft:stone_axe":30,"minecraft:furnace":1,"minecraft:bucket":1,"minecraft:andesite":2,"minecraft:birch_log":2,"minecraft:oak_boat":2,"minecraft:egg":1,"realistictorches:unlit_torch":2},"minecraft:picked_up":{"minecraft:wooden_axe":2,"minecraft:birch_log":42,"minecraft:crafting_table":1,"minecraft:chicken":4,"minecraft:clay_ball":48,"minecraft:water_bucket":1,"minecraft:andesite":10,"minecraft:leather":3,"minecraft:wooden_pickaxe":21,"minecraft:birch_planks":7,"minecraft:flint":2,"minecraft:oak_log":33,"minecraft:amethyst_block":24,"minecraft:dirt":145,"minecraft:string":3,"minecraft:raw_copper":90,"man:cassette_1safetyinstructions":7,"minecraft:apple":1,"minecraft:wheat_seeds":10,"minecraft:beef":4,"minecraft:stone_pickaxe":12,"minecraft:oak_boat":2,"minecraft:calcite":12,"minecraft:wooden_shovel":18,"minecraft:melon_slice":13,"minecraft:chest":6,"minecraft:oak_planks":23,"minecraft:egg":6,"minecraft:oak_slab":9,"minecraft:stick":10,"minecraft:raw_iron":12,"minecraft:smooth_basalt":4,"minecraft:oak_door":7,"minecraft:pumpkin":4,"minecraft:oak_fence":1,"minecraft:gravel":24,"minecraft:diorite":24,"minecraft:spider_eye":3,"minecraft:leather_helmet":1,"minecraft:rotten_flesh":7,"minecraft:stone_shovel":4,"minecraft:stone_axe":6,"minecraft:granite":10,"minecraft:oak_sapling":1,"minecraft:coal":12,"minecraft:cobblestone":54},"minecraft:custom":{"minecraft:interact_with_furnace":2,"minecraft:mob_kills":10,"minecraft:interact_with_crafting_table":43,"minecraft:damage_dealt_resisted":11,"minecraft:leave_game":3,"minecraft:time_since_death":886,"minecraft:time_since_rest":911,"minecraft:sprint_one_cm":20162,"minecraft:damage_taken":1140,"minecraft:walk_one_cm":265874,"minecraft:drop":112,"minecraft:damage_dealt":1594,"minecraft:fly_one_cm":5574,"minecraft:open_chest":82,"minecraft:crouch_one_cm":42346,"minecraft:play_time":57572,"minecraft:deaths":5,"minecraft:sneak_time":10018,"minecraft:walk_under_water_one_cm":1081,"minecraft:boat_one_cm":679,"minecraft:jump":147,"minecraft:walk_on_water_one_cm":176,"minecraft:total_world_time":57678,"minecraft:fall_one_cm":1165},"minecraft:killed_by":{"minecraft:sheep":1,"minecraft:zombie":3,"minecraft:mooshroom":1},"minecraft:crafted":{"minecraft:oak_door":3,"minecraft:oak_planks":160,"minecraft:oak_slab":84,"minecraft:wooden_shovel":1,"minecraft:stone_shovel":1,"minecraft:crafting_table":1,"minecraft:wooden_pickaxe":2,"minecraft:bowl":8,"minecraft:birch_slab":6,"minecraft:furnace":1,"minecraft:birch_planks":56,"minecraft:stone_axe":3,"minecraft:oak_boat":1,"minecraft:stick":44,"minecraft:stone_pickaxe":5,"minecraft:wooden_axe":2,"realistictorches:unlit_torch":2,"minecraft:oak_button":1,"minecraft:oak_fence":12},"minecraft:killed":{"minecraft:spider":2,"minecraft:zombie":5,"minecraft:mooshroom":1,"minecraft:chicken":1}},"DataVersion":3120}